hierid,flexraw,Category
AUS.11.1376,-0.8182969236319029,Bottom 10
SAU.13,-0.8157693646515018,Bottom 10
SAU.1,-0.8045226145933269,Bottom 10
ISR.5,-0.7792213722381164,Bottom 10
ISR.2,-0.778058011507205,Bottom 10
AUS.5.386,-0.766509100073182,Bottom 10
AUS.11.1276,-0.7606316661959032,Bottom 10
SAU.7,-0.7561967811831508,Bottom 10
AUS.6.579,-0.750334414366623,Bottom 10
SAU.2,-0.7275216126366334,Bottom 10
ETH.8.38.R643231eaea6a94e7,0.26348920931443137,Top 10
NPL.1.1.8,0.28261921891651925,Top 10
NPL.1.2.10,0.28395792679775284,Top 10
PHL.12.186,0.2920649174579836,Top 10
ETH.8.41.Rbe6b87e5e060cd3a,0.3050108014665839,Top 10
NRU.R48a30b843dc4b8e2,0.31286133965864144,Top 10
PHL.48,0.3631761770995475,Top 10
PHL.41,0.3735236283216464,Top 10
PHL.Rfb548f506b985526,0.3951023410064519,Top 10
KIR,0.3976021851177296,Top 10
