hierid,flexraw,Category
SAU.13,-1.8393216553677687,Bottom 10
SAU.1,-1.7852901908919616,Bottom 10
SAU.2,-1.7229469079471262,Bottom 10
CHL.12.45.258,-1.6778746185250673,Bottom 10
AUS.4.174,-1.6691693384463442,Bottom 10
ISR.5,-1.6672233334020863,Bottom 10
AUS.11.1376,-1.6642830196217522,Bottom 10
USA.44.2597,-1.6556533223213836,Bottom 10
ISR.2,-1.6323169203148225,Bottom 10
AUS.4.220,-1.63218111526676,Bottom 10
ETH.3.15.68,0.3352511692995479,Top 10
MMR.4.13.70,0.337623080029689,Top 10
ETH.10.59.R28c8293b0aa0dcaf,0.3408763766340034,Top 10
ETH.8.38.Rabbc941d33500379,0.34661899297728677,Top 10
NPL.2.6.34,0.3497396545038324,Top 10
ETH.8.41.Rbe6b87e5e060cd3a,0.35816934295646063,Top 10
ETH.3.23.R63c14932f1110d07,0.3617171714195971,Top 10
ETH.8.36.R10b41422cd38bafc,0.3759934297787221,Top 10
ETH.8.38.R643231eaea6a94e7,0.3936169596151758,Top 10
KIR,0.8193184316258951,Top 10
